id	lilley	christoforou
A2AJ15	ER	ERGIC
A2ATU0	Mitochondrion	Mitochondrion
A2TJV2	PM
A6H611	Mitochondrion	Mitochondrion
B1AQJ2	Nucleus - Non-Chromatin	Nucleus - Non-Chromatin
B2RXS4	PM
B7ZMP1	Mitochondrion	Mitochondrion
O08715	Mitochondrion	Mitochondrion
O08749	Mitochondrion
O08756	Mitochondrion	Mitochondrion
O08795-2	ER
O08914		ERGIC
O08917	Endosome
O09061	Proteasome	Proteasome
O09111	Mitochondrion	Mitochondrion
O09159	Lysosome
O09167	60S Ribosome	60S Ribosome
O09174	Peroxisome	Peroxisome
O35143	Mitochondrion	Mitochondrion
O35166	Golgi	ERGIC
O35286	Nucleus - Non-Chromatin
O35379	PM
O35405	Lysosome	Lysosome
O35435	Mitochondrion	Mitochondrion
O35448	Lysosome	Lysosome
O35638	Nucleus - Chromatin	Nucleus - Chromatin
O35657	Lysosome	Lysosome
O35658	Mitochondrion	Mitochondrion
O35855	Mitochondrion	Mitochondrion
O35857	Mitochondrion
O35887	ER	ERGIC
O35943	Mitochondrion	Mitochondrion
O54734	ER	ERGIC
O54879	Nucleus - Chromatin	Nucleus - Chromatin
O54941	Nucleus - Chromatin	Nucleus - Chromatin
O55060	Cytosol	Cytosol
O55111	PM	PM
O55125	Mitochondrion	Mitochondrion
O55142	60S Ribosome	60S Ribosome
O55143	ER	ERGIC
O55222	PM	PM
O55234	Proteasome	Proteasome
O70252	ER	ERGIC
O70309	PM	PM
O70400	Actin Cytoskeleton	Actin Cytoskeleton
O70435	Proteasome	Proteasome
O70503	ER
O70579	Peroxisome	Peroxisome
O70589-5	PM	PM
O88322	ECM
O88342	Actin Cytoskeleton
O88396	Mitochondrion	Mitochondrion
O88441	Mitochondrion	Mitochondrion
O88491	Nucleus - Chromatin
O88531	Lysosome	Lysosome
O88685	Proteasome	Proteasome
O88696	Mitochondrion	Mitochondrion
O88708	Nucleus - Chromatin	Nucleus - Chromatin
O88792	PM	PM
O88844	Cytosol
O88958	Cytosol	Cytosol
O88967	Mitochondrion	Mitochondrion
O88986	Mitochondrion	Mitochondrion
O89023	Lysosome	Lysosome
P02301	Nucleus - Chromatin	Nucleus - Chromatin
P02468	ECM
P02469	ECM
P03888	Mitochondrion	Mitochondrion
P03921	Mitochondrion	Mitochondrion
P05064	Cytosol
P05201	Cytosol
P05202	Mitochondrion
P06151	Cytosol
P06797	Lysosome	Lysosome
P07214	ECM	ECM
P07901	Cytosol
P08003	ER
P08113	ER
P08249	Mitochondrion
P09055	PM
P09103	ER
P09242	PM
P09411	Cytosol
P09602	Nucleus - Chromatin	Nucleus - Chromatin
P09671	Mitochondrion	Mitochondrion
P09803	PM
P0C0S6	Nucleus - Chromatin	Nucleus - Chromatin
P10493	ECM	ECM
P10605	Lysosome	Lysosome
P10649	Cytosol	Cytosol
P10852	PM
P10854	Nucleus - Chromatin	Nucleus - Chromatin
P10922	Nucleus - Chromatin	Nucleus - Chromatin
P11276	ECM
P11404	Cytosol	Cytosol
P11499	Cytosol
P11531	PM
P11688	PM
P11881-2	ER
P12787	Mitochondrion	Mitochondrion
P12970	60S Ribosome
P13595	PM	PM
P13597-2	PM
P14115	60S Ribosome	60S Ribosome
P14131	40S Ribosome	40S Ribosome
P14148	60S Ribosome
P14152	Cytosol	Cytosol
P14206	40S Ribosome	40S Ribosome
P14211	ER
P14685	Proteasome
P14869	60S Ribosome
P15208	PM	PM
P15535	Golgi
P15864	Nucleus - Chromatin	Nucleus - Chromatin
P16125	Cytosol
P16332	Mitochondrion
P17182	Cytosol
P17439	Lysosome	Lysosome
P17665	Mitochondrion	Mitochondrion
P17809	PM	PM
P18155	Mitochondrion	Mitochondrion
P18242	Lysosome
P18572-2	PM	PM
P18760	Actin Cytoskeleton
P19096	Cytosol
P19137	ECM	ECM
P19253	60S Ribosome	60S Ribosome
P19324	ER	ERGIC
P19536	Mitochondrion	Mitochondrion
P19783	Mitochondrion	Mitochondrion
P20029	ER
P20060	Lysosome
P20108	Mitochondrion	Mitochondrion
P20263	Nucleus - Chromatin	Nucleus - Chromatin
P21995	PM	PM
P24270	Peroxisome	Peroxisome
P24369	ER	ERGIC
P24472	Cytosol	Cytosol
P24638	Lysosome	Lysosome
P25444	40S Ribosome	40S Ribosome
P26039	Actin Cytoskeleton
P26040	PM
P26041	PM
P26043	PM
P26231	PM
P26443	Mitochondrion
P26516	Proteasome	Proteasome
P26645	Actin Cytoskeleton	Actin Cytoskeleton
P27046	Golgi
P27659	60S Ribosome
P27661	Nucleus - Chromatin	Nucleus - Chromatin
P27773	ER
P28474	Cytosol	Cytosol
P28660	PM
P29416	Lysosome	Lysosome
P29758	Mitochondrion	Mitochondrion
P30275	Mitochondrion	Mitochondrion
P30681	Nucleus - Chromatin	Nucleus - Chromatin
P33174	Nucleus - Chromatin
P35279	Golgi
P35486	Mitochondrion
P35550	Nucleus - Non-Chromatin	Nucleus - Non-Chromatin
P35564	ER
P35846	PM	PM
P35979	60S Ribosome	60S Ribosome
P35980	60S Ribosome	60S Ribosome
P36552	Mitochondrion	Mitochondrion
P37040	ER
P38060	Mitochondrion	Mitochondrion
P38647	Mitochondrion
P40630-2	Mitochondrion	Mitochondrion
P41105	60S Ribosome	60S Ribosome
P42125	Mitochondrion	Mitochondrion
P43274	Nucleus - Chromatin	Nucleus - Chromatin
P43275	Nucleus - Chromatin	Nucleus - Chromatin
P43276	Nucleus - Chromatin	Nucleus - Chromatin
P43277	Nucleus - Chromatin	Nucleus - Chromatin
P43406	PM
P45591	Actin Cytoskeleton	Actin Cytoskeleton
P45878	ER	ERGIC
P45952	Mitochondrion
P46471	Proteasome
P46664	Cytosol
P46978	ER	ERGIC
P47738	Mitochondrion
P47758	ER	ERGIC
P47802	Mitochondrion	Mitochondrion
P47911	60S Ribosome
P47915	60S Ribosome	60S Ribosome
P47955	60S Ribosome	60S Ribosome
P47962	60S Ribosome
P47963	60S Ribosome	60S Ribosome
P47964	60S Ribosome	60S Ribosome
P48432	Nucleus - Chromatin	Nucleus - Chromatin
P48962	Mitochondrion	Mitochondrion
P49722	Proteasome	Proteasome
P50136	Mitochondrion	Mitochondrion
P50171	Mitochondrion	Mitochondrion
P50247	Cytosol
P50544	Mitochondrion	Mitochondrion
P51174	Mitochondrion	Mitochondrion
P51410	60S Ribosome	60S Ribosome
P51660	Peroxisome
P51881	Mitochondrion	Mitochondrion
P52196	Mitochondrion	Mitochondrion
P52503	Mitochondrion	Mitochondrion
P52825	Mitochondrion	Mitochondrion
P53026	60S Ribosome	60S Ribosome
P53395	Mitochondrion	Mitochondrion
P53702	Mitochondrion	Mitochondrion
P54071	Mitochondrion
P54761	PM	PM
P54775	Proteasome	Proteasome
P54818	Lysosome	Lysosome
P55096	Peroxisome	Peroxisome
P55937	Golgi
P56183-2	Nucleus - Non-Chromatin	Nucleus - Non-Chromatin
P56371	Endosome	Endosome
P56382	Mitochondrion	Mitochondrion
P56480	Mitochondrion
P56542	Lysosome	Lysosome
P57759	ER	ERGIC
P57780	Actin Cytoskeleton
P58021	Endosome	Endosome
P58059	Mitochondrion	Mitochondrion
P58064	Mitochondrion	Mitochondrion
P58137	Peroxisome	Peroxisome
P59017	Mitochondrion	Mitochondrion
P60766	Actin Cytoskeleton	Actin Cytoskeleton
P60867	40S Ribosome	40S Ribosome
P61211	Golgi
P61255	60S Ribosome	60S Ribosome
P61358	60S Ribosome	60S Ribosome
P61514	60S Ribosome	60S Ribosome
P61804	ER	ERGIC
P62075	Mitochondrion	Mitochondrion
P62077	Mitochondrion	Mitochondrion
P62082	40S Ribosome	40S Ribosome
P62192	Proteasome	Proteasome
P62196	Proteasome	Proteasome
P62242	40S Ribosome	40S Ribosome
P62245	40S Ribosome	40S Ribosome
P62264	40S Ribosome	40S Ribosome
P62267	40S Ribosome	40S Ribosome
P62270	40S Ribosome	40S Ribosome
P62281	40S Ribosome	40S Ribosome
P62301	40S Ribosome	40S Ribosome
P62334	Proteasome	Proteasome
P62702	40S Ribosome	40S Ribosome
P62717	60S Ribosome	60S Ribosome
P62751	60S Ribosome	60S Ribosome
P62754	40S Ribosome
P62806	Nucleus - Chromatin	Nucleus - Chromatin
P62830	60S Ribosome	60S Ribosome
P62843	40S Ribosome	40S Ribosome
P62849-2	40S Ribosome	40S Ribosome
P62852	40S Ribosome	40S Ribosome
P62855	40S Ribosome	40S Ribosome
P62862	40S Ribosome	40S Ribosome
P62889	60S Ribosome	60S Ribosome
P62897	Mitochondrion	Mitochondrion
P62900	60S Ribosome	60S Ribosome
P62908	40S Ribosome
P62911	60S Ribosome	60S Ribosome
P62918	60S Ribosome	60S Ribosome
P63038	Mitochondrion
P63276	40S Ribosome	40S Ribosome
P63323	40S Ribosome	40S Ribosome
P63325	40S Ribosome	40S Ribosome
P67778	Mitochondrion	Mitochondrion
P67984	60S Ribosome	60S Ribosome
P70195	Proteasome	Proteasome
P70206	PM
P70227	ER
P70388	Nucleus - Chromatin	Nucleus - Chromatin
P70404	Mitochondrion	Mitochondrion
P70428	Golgi	ERGIC
P70665	Lysosome	Lysosome
P70699	Lysosome
P83882	60S Ribosome	60S Ribosome
P84099	60S Ribosome	60S Ribosome
P85094	Mitochondrion	Mitochondrion
P97351	40S Ribosome
P97363	ER	ERGIC
P97372	Proteasome	Proteasome
P97390	Golgi
P97450	Mitochondrion	Mitochondrion
P97452	Nucleus - Non-Chromatin	Nucleus - Non-Chromatin
P97461	40S Ribosome	40S Ribosome
P97493	Mitochondrion	Mitochondrion
P97494	Cytosol	Cytosol
P97742	Mitochondrion	Mitochondrion
P97807-2	Mitochondrion
P98192	Peroxisome	Peroxisome
P99026	Proteasome	Proteasome
P99027	60S Ribosome	60S Ribosome
P99028	Mitochondrion	Mitochondrion
Q01237	ER	ERGIC
Q02248	PM
Q02257	PM
Q02819	Golgi
Q03145	PM
Q03265	Mitochondrion
Q04447	Cytosol	Cytosol
Q04692	Nucleus - Chromatin
Q05186	ER	ERGIC
Q05793	ECM
Q05816	Cytosol	Cytosol
Q05909	PM	PM
Q05920	Mitochondrion
Q06185	Mitochondrion	Mitochondrion
Q07133	Nucleus - Chromatin	Nucleus - Chromatin
Q07417	Mitochondrion	Mitochondrion
Q14C51	Mitochondrion
Q14CH7	Mitochondrion
Q2VPQ9	Nucleus - Chromatin	Nucleus - Chromatin
Q3B7Z2	Golgi
Q3TBW2	Mitochondrion	Mitochondrion
Q3TCN2	Lysosome	Lysosome
Q3TDQ1	ER	ERGIC
Q3TEA8-3	Nucleus - Chromatin	Nucleus - Chromatin
Q3THG9	Cytosol	Cytosol
Q3TLP5	Mitochondrion	Mitochondrion
Q3TRM4	ER
Q3TUH1	Mitochondrion	Mitochondrion
Q3TXS7	Proteasome
Q3TZM9-2		ERGIC
Q3U186	Mitochondrion
Q3U1G5	Nucleus - Non-Chromatin	Nucleus - Non-Chromatin
Q3U2A8	Mitochondrion	Mitochondrion
Q3U3R4	ER	ERGIC
Q3UFM5	Nucleus - Non-Chromatin	Nucleus - Non-Chromatin
Q3UFY8	Mitochondrion	Mitochondrion
Q3UHX0	Nucleus - Non-Chromatin	Nucleus - Non-Chromatin
Q3UIU2	Mitochondrion	Mitochondrion
Q3ULD5	Mitochondrion
Q3ULF4	Mitochondrion	Mitochondrion
Q3UMB9	Endosome
Q3UMR5	Mitochondrion	Mitochondrion
Q3UMW8	Lysosome	Lysosome
Q3UQ84	Mitochondrion
Q3UVK0	ER	ERGIC
Q3V300	Nucleus - Chromatin	Nucleus - Chromatin
Q3V3R1	Mitochondrion
Q499X9	Mitochondrion	Mitochondrion
Q4FZG9	Mitochondrion	Mitochondrion
Q4VA53	Nucleus - Chromatin
Q501J6	Nucleus - Non-Chromatin
Q501J7-2	Actin Cytoskeleton	Actin Cytoskeleton
Q571H0	Nucleus - Non-Chromatin	Nucleus - Non-Chromatin
Q59J78	Mitochondrion	Mitochondrion
Q5BL07-2	Peroxisome	Peroxisome
Q5PSV9	Nucleus - Chromatin
Q5RJG1	Nucleus - Non-Chromatin	Nucleus - Non-Chromatin
Q5SSI6	Nucleus - Non-Chromatin	Nucleus - Non-Chromatin
Q5SSK3	Mitochondrion	Mitochondrion
Q5SSW2	Proteasome	Proteasome
Q5SUC9	Mitochondrion	Mitochondrion
Q5XG71	Nucleus - Non-Chromatin
Q5XG73-2	Peroxisome	Peroxisome
Q5XJY4	Mitochondrion	Mitochondrion
Q60597	Mitochondrion
Q60648	Lysosome	Lysosome
Q60649	Mitochondrion	Mitochondrion
Q60692	Proteasome	Proteasome
Q60759	Mitochondrion	Mitochondrion
Q60862	Nucleus - Chromatin	Nucleus - Chromatin
Q60930	Mitochondrion
Q60931	Mitochondrion	Mitochondrion
Q60936	Mitochondrion	Mitochondrion
Q61001	ECM
Q61033	Nucleus - Chromatin	Nucleus - Chromatin
Q61081	Cytosol	Cytosol
Q61102	Mitochondrion
Q61171	Cytosol	Cytosol
Q61188	Nucleus - Chromatin	Nucleus - Chromatin
Q61205	Cytosol	Cytosol
Q61234	PM	PM
Q61292	ECM	ECM
Q61316	Cytosol
Q61387	Mitochondrion	Mitochondrion
Q61425	Mitochondrion	Mitochondrion
Q61466	Nucleus - Chromatin	Nucleus - Chromatin
Q61543	Golgi
Q61550	Nucleus - Chromatin	Nucleus - Chromatin
Q61576	ER	ERGIC
Q61578	Mitochondrion	Mitochondrion
Q61656	Nucleus - Non-Chromatin
Q61686	Nucleus - Chromatin	Nucleus - Chromatin
Q61687	Nucleus - Chromatin
Q61733	Mitochondrion	Mitochondrion
Q61739	PM
Q61941	Mitochondrion
Q62165	PM	PM
Q62315	Nucleus - Chromatin
Q62425	Mitochondrion	Mitochondrion
Q62470	PM	PM
Q62504-2	Nucleus - Chromatin	Nucleus - Chromatin
Q640M1	Nucleus - Non-Chromatin	Nucleus - Non-Chromatin
Q64430	Golgi
Q64433	Mitochondrion	Mitochondrion
Q64521	Mitochondrion
Q69Z66	Nucleus - Chromatin	Nucleus - Chromatin
Q6A026	Nucleus - Chromatin
Q6DFW4	Nucleus - Non-Chromatin
Q6IRU2	Actin Cytoskeleton	Actin Cytoskeleton
Q6NS46	Nucleus - Non-Chromatin
Q6NVG1	ER
Q6P1H6	ER
Q6P3A8	Mitochondrion	Mitochondrion
Q6P3B9	Mitochondrion	Mitochondrion
Q6P5B0	Nucleus - Non-Chromatin
Q6P5D8	Nucleus - Chromatin
Q6P5E4	ER
Q6P9R1	Nucleus - Non-Chromatin	Nucleus - Non-Chromatin
Q6PA06	ER	ERGIC
Q6PAC3	Nucleus - Non-Chromatin	Nucleus - Non-Chromatin
Q6PAQ4	Nucleus - Non-Chromatin	Nucleus - Non-Chromatin
Q6PB66	Mitochondrion
Q6PB93	Golgi	ERGIC
Q6PD26	ER	ERGIC
Q6PE15	Mitochondrion	Mitochondrion
Q6PGL7	Endosome
Q6PIX5	ER
Q6PR54	Nucleus - Chromatin
Q6ZQ88	Nucleus - Chromatin
Q6ZQL4	Nucleus - Non-Chromatin	Nucleus - Non-Chromatin
Q6ZWN5	40S Ribosome
Q6ZWV7	60S Ribosome	60S Ribosome
Q71RI9-2	Mitochondrion	Mitochondrion
Q78IK2	Mitochondrion	Mitochondrion
Q791V5	Mitochondrion	Mitochondrion
Q7TMR0	Lysosome	Lysosome
Q7TMV3	Mitochondrion	Mitochondrion
Q7TMY8	Cytosol
Q7TN89	PM	PM
Q7TPR4	Actin Cytoskeleton
Q7TT50	Actin Cytoskeleton
Q80U70	Nucleus - Chromatin	Nucleus - Chromatin
Q80UM7	ER	ERGIC
Q80VA0	Golgi	ERGIC
Q80W00-2	Nucleus - Non-Chromatin	Nucleus - Non-Chromatin
Q80X85	Mitochondrion	Mitochondrion
Q80XC3	Golgi
Q80XN0	Mitochondrion	Mitochondrion
Q80Y14	Mitochondrion	Mitochondrion
Q80YD1	Mitochondrion
Q80ZK0	Mitochondrion	Mitochondrion
Q80ZS3	Mitochondrion	Mitochondrion
Q810V0	Nucleus - Non-Chromatin	Nucleus - Non-Chromatin
Q811I0	Mitochondrion	Mitochondrion
Q811U4	Mitochondrion	Mitochondrion
Q8BFP9	Mitochondrion	Mitochondrion
Q8BFR4	Lysosome	Lysosome
Q8BFR5	Mitochondrion
Q8BFZ9	ER	ERGIC
Q8BG32	Proteasome
Q8BG51-3	Mitochondrion	Mitochondrion
Q8BGA5	Nucleus - Non-Chromatin	Nucleus - Non-Chromatin
Q8BGA9	Mitochondrion	Mitochondrion
Q8BGD8	Mitochondrion	Mitochondrion
Q8BGS0	Nucleus - Non-Chromatin	Nucleus - Non-Chromatin
Q8BGT5	Mitochondrion	Mitochondrion
Q8BH04	Mitochondrion	Mitochondrion
Q8BH59	Mitochondrion	Mitochondrion
Q8BH95	Mitochondrion	Mitochondrion
Q8BH97	ER	ERGIC
Q8BHB4	Nucleus - Non-Chromatin
Q8BI84	ER
Q8BIJ6	Mitochondrion
Q8BIP0	Mitochondrion	Mitochondrion
Q8BJ48	Golgi
Q8BJU0-2	Cytosol	Cytosol
Q8BJW5	Nucleus - Non-Chromatin	Nucleus - Non-Chromatin
Q8BJY1	Proteasome	Proteasome
Q8BJZ4	Mitochondrion	Mitochondrion
Q8BK08	Mitochondrion	Mitochondrion
Q8BK30	Mitochondrion	Mitochondrion
Q8BK67	Nucleus - Chromatin
Q8BK72	Mitochondrion
Q8BKF1	Mitochondrion	Mitochondrion
Q8BKG3	PM
Q8BKS9	Nucleus - Non-Chromatin
Q8BKZ9	Mitochondrion	Mitochondrion
Q8BLN5	ER
Q8BMF4	Mitochondrion
Q8BMS1	Mitochondrion
Q8BP40	Mitochondrion	Mitochondrion
Q8BP67	60S Ribosome	60S Ribosome
Q8BPG6	ER	ERGIC
Q8BSF4	Mitochondrion	Mitochondrion
Q8BSY0	ER
Q8BT60	Cytosol	Cytosol
Q8BU03	Nucleus - Non-Chromatin	Nucleus - Non-Chromatin
Q8BU14	ER	ERGIC
Q8BU88	Mitochondrion	Mitochondrion
Q8BUY5	Mitochondrion	Mitochondrion
Q8BVF2	Cytosol	Cytosol
Q8BWB6	Endosome	Endosome
Q8BWF0	Mitochondrion	Mitochondrion
Q8BWT1	Mitochondrion	Mitochondrion
Q8BX22	Nucleus - Chromatin
Q8BXZ1	ER	ERGIC
Q8BY02	Nucleus - Non-Chromatin	Nucleus - Non-Chromatin
Q8BYB9	ER	ERGIC
Q8BYL4	Mitochondrion	Mitochondrion
Q8C0I1	Peroxisome
Q8C2E4	Mitochondrion	Mitochondrion
Q8C2E7	Endosome
Q8C2Q3	Nucleus - Non-Chromatin	Nucleus - Non-Chromatin
Q8C4J7	Nucleus - Non-Chromatin	Nucleus - Non-Chromatin
Q8C5L7	Nucleus - Non-Chromatin	Nucleus - Non-Chromatin
Q8C6I2	Mitochondrion	Mitochondrion
Q8C7V3	Nucleus - Non-Chromatin	Nucleus - Non-Chromatin
Q8C7X2-2	ER
Q8CAQ8	Mitochondrion	Mitochondrion
Q8CAY6	Cytosol	Cytosol
Q8CCB4	Golgi
Q8CCG4	Nucleus - Chromatin	Nucleus - Chromatin
Q8CCJ3	ER
Q8CCK0	Nucleus - Chromatin	Nucleus - Chromatin
Q8CDN6	Proteasome	Proteasome
Q8CEE7	Mitochondrion	Mitochondrion
Q8CFA2	Mitochondrion	Mitochondrion
Q8CFX1	ER	ERGIC
Q8CGC6	Nucleus - Non-Chromatin
Q8CGK3	Mitochondrion
Q8CHT0	Mitochondrion	Mitochondrion
Q8CI11	Nucleus - Non-Chromatin
Q8CI78	Mitochondrion	Mitochondrion
Q8CIF6	Lysosome	Lysosome
Q8CJF7	Nucleus - Chromatin
Q8CJH3	PM	PM
Q8JZM0	Mitochondrion	Mitochondrion
Q8JZN5	Mitochondrion
Q8JZN7	Mitochondrion	Mitochondrion
Q8JZQ2	Mitochondrion
Q8JZS9	Mitochondrion	Mitochondrion
Q8JZY4	Mitochondrion	Mitochondrion
Q8K0C4	ER
Q8K0D5	Mitochondrion
Q8K0T0	ER	ERGIC
Q8K0Z7	Mitochondrion	Mitochondrion
Q8K1R3	Mitochondrion
Q8K1Z0	Mitochondrion	Mitochondrion
Q8K224	Nucleus - Non-Chromatin
Q8K297	ER	ERGIC
Q8K2B3	Mitochondrion
Q8K2C8	ER	ERGIC
Q8K2C9	ER	ERGIC
Q8K2I4	Lysosome	Lysosome
Q8K2M0	Mitochondrion	Mitochondrion
Q8K2Y7	Mitochondrion	Mitochondrion
Q8K301	Nucleus - Non-Chromatin	Nucleus - Non-Chromatin
Q8K363	Nucleus - Non-Chromatin
Q8K3F7	Mitochondrion	Mitochondrion
Q8K3J1	Mitochondrion	Mitochondrion
Q8K411-2	Mitochondrion
Q8K4F5	Mitochondrion	Mitochondrion
Q8K4L0	Nucleus - Non-Chromatin	Nucleus - Non-Chromatin
Q8QZS1	Mitochondrion	Mitochondrion
Q8QZT1	Mitochondrion	Mitochondrion
Q8R035	Mitochondrion	Mitochondrion
Q8R088	Golgi	ERGIC
Q8R0X7	ER	ERGIC
Q8R180	ER	ERGIC
Q8R1S9	PM	PM
Q8R242	Lysosome	Lysosome
Q8R2M2	Nucleus - Non-Chromatin	Nucleus - Non-Chromatin
Q8R2N2	Nucleus - Non-Chromatin	Nucleus - Non-Chromatin
Q8R2Q4-3	Mitochondrion	Mitochondrion
Q8R2S9	Nucleus - Chromatin	Nucleus - Chromatin
Q8R2Y2	PM
Q8R2Y8	Mitochondrion	Mitochondrion
Q8R326	Nucleus - Non-Chromatin	Nucleus - Non-Chromatin
Q8R3F5	Mitochondrion	Mitochondrion
Q8R3J4	Mitochondrion	Mitochondrion
Q8R3K3	Mitochondrion	Mitochondrion
Q8R3N1	Nucleus - Non-Chromatin	Nucleus - Non-Chromatin
Q8R3Q6	Mitochondrion	Mitochondrion
Q8R404	Mitochondrion	Mitochondrion
Q8R4H9	Golgi	ERGIC
Q8R4N0	Mitochondrion	Mitochondrion
Q8R5K4	Nucleus - Non-Chromatin	Nucleus - Non-Chromatin
Q8VCF0	Mitochondrion	Mitochondrion
Q8VCH8	ER	ERGIC
Q8VCM4	Mitochondrion	Mitochondrion
Q8VCM8	ER	ERGIC
Q8VCS3	Golgi	ERGIC
Q8VCW8	Mitochondrion	Mitochondrion
Q8VCY6	Nucleus - Non-Chromatin	Nucleus - Non-Chromatin
Q8VDC0	Mitochondrion	Mitochondrion
Q8VDF2	Nucleus - Chromatin
Q8VDM4	Proteasome
Q8VDN2	PM
Q8VDT9	Mitochondrion	Mitochondrion
Q8VE22	Mitochondrion	Mitochondrion
Q8VEB4	Lysosome	Lysosome
Q8VEH3	Endosome	Endosome
Q8VEH8	ER	ERGIC
Q8VEM8	Mitochondrion
Q8VHE0	ER
Q8VI84	Nucleus - Non-Chromatin	Nucleus - Non-Chromatin
Q91UZ5	Cytosol	Cytosol
Q91VD9	Mitochondrion
Q91VE0	ER	ERGIC
Q91VE6	Nucleus - Non-Chromatin	Nucleus - Non-Chromatin
Q91VI7	Cytosol	Cytosol
Q91VM9	Mitochondrion	Mitochondrion
Q91VN4	Mitochondrion	Mitochondrion
Q91VR2	Mitochondrion	Mitochondrion
Q91VW5	Golgi
Q91W43	Mitochondrion
Q91W53	Golgi
Q91W90	ER	ERGIC
Q91WD5	Mitochondrion	Mitochondrion
Q91WM2	Mitochondrion	Mitochondrion
Q91WM3	Nucleus - Non-Chromatin	Nucleus - Non-Chromatin
Q91X78	ER	ERGIC
Q91XA2	Golgi
Q91XC9	Peroxisome	Peroxisome
Q91YJ2	Endosome	Endosome
Q91YJ5	Mitochondrion	Mitochondrion
Q91YK2	Nucleus - Non-Chromatin
Q91YM4	Mitochondrion
Q91YP0	Mitochondrion	Mitochondrion
Q91YP2	Mitochondrion
Q91YQ5	ER
Q91YT0	Mitochondrion
Q91YU8	Nucleus - Non-Chromatin	Nucleus - Non-Chromatin
Q91ZA3	Mitochondrion	Mitochondrion
Q91ZW3	Nucleus - Chromatin
Q920A7	Mitochondrion	Mitochondrion
Q921E6-2	Nucleus - Chromatin
Q921G7	Mitochondrion	Mitochondrion
Q921L5	Golgi
Q921S7	Mitochondrion
Q921X9	ER	ERGIC
Q921Y2	Nucleus - Non-Chromatin	Nucleus - Non-Chromatin
Q922E6	Mitochondrion	Mitochondrion
Q922H1-2	Cytosol	Cytosol
Q922H2	Mitochondrion	Mitochondrion
Q922J9	Peroxisome	Peroxisome
Q922K7	Nucleus - Non-Chromatin
Q922Q1	Mitochondrion	Mitochondrion
Q922R8	ER
Q922W5	Mitochondrion	Mitochondrion
Q923Z3	Mitochondrion	Mitochondrion
Q924S7	PM	PM
Q924T2	Mitochondrion	Mitochondrion
Q925I1	Mitochondrion
Q99J56	ER	ERGIC
Q99JB2	Mitochondrion
Q99JI4	Proteasome	Proteasome
Q99JR1	Mitochondrion	Mitochondrion
Q99JW5	PM	PM
Q99JY0	Mitochondrion	Mitochondrion
Q99KE1	Mitochondrion	Mitochondrion
Q99KI0	Mitochondrion
Q99KK7	Cytosol	Cytosol
Q99KK9	Mitochondrion	Mitochondrion
Q99KR7	Mitochondrion	Mitochondrion
Q99L13	Mitochondrion	Mitochondrion
Q99L47	Cytosol	Cytosol
Q99LC3	Mitochondrion	Mitochondrion
Q99LC5	Mitochondrion	Mitochondrion
Q99LH1	Nucleus - Non-Chromatin	Nucleus - Non-Chromatin
Q99LI8	Endosome
Q99LJ8	ER	ERGIC
Q99LP6	Mitochondrion	Mitochondrion
Q99LV7	ER	ERGIC
Q99LY9	Mitochondrion	Mitochondrion
Q99M01	Mitochondrion	Mitochondrion
Q99M04	Mitochondrion	Mitochondrion
Q99M71	Lysosome	Lysosome
Q99M87	Mitochondrion	Mitochondrion
Q99ME9	Nucleus - Non-Chromatin	Nucleus - Non-Chromatin
Q99MJ9	Nucleus - Non-Chromatin	Nucleus - Non-Chromatin
Q99MN9	Mitochondrion	Mitochondrion
Q99MR8	Mitochondrion	Mitochondrion
Q99MZ7	Peroxisome	Peroxisome
Q99N84	Mitochondrion	Mitochondrion
Q99N85	Mitochondrion	Mitochondrion
Q99N87	Mitochondrion	Mitochondrion
Q99N89	Mitochondrion	Mitochondrion
Q99N92	Mitochondrion	Mitochondrion
Q99N93	Mitochondrion	Mitochondrion
Q99N94	Mitochondrion	Mitochondrion
Q99N95	Mitochondrion	Mitochondrion
Q99N96	Mitochondrion	Mitochondrion
Q99NB1	Mitochondrion	Mitochondrion
Q99PL5	ER
Q9CPQ1	Mitochondrion	Mitochondrion
Q9CPQ3	Mitochondrion	Mitochondrion
Q9CPQ8	Mitochondrion	Mitochondrion
Q9CPR4	60S Ribosome	60S Ribosome
Q9CPR5	Mitochondrion	Mitochondrion
Q9CPT5	Nucleus - Non-Chromatin	Nucleus - Non-Chromatin
Q9CPW3	Mitochondrion	Mitochondrion
Q9CPX7	Mitochondrion	Mitochondrion
Q9CPY1	Mitochondrion	Mitochondrion
Q9CQ40	Mitochondrion	Mitochondrion
Q9CQ56		ERGIC
Q9CQ62	Mitochondrion	Mitochondrion
Q9CQ69	Mitochondrion	Mitochondrion
Q9CQ75	Mitochondrion	Mitochondrion
Q9CQA3	Mitochondrion	Mitochondrion
Q9CQC7	Mitochondrion	Mitochondrion
Q9CQE3	Mitochondrion	Mitochondrion
Q9CQE7		ERGIC
Q9CQF0	Mitochondrion	Mitochondrion
Q9CQF8	Mitochondrion	Mitochondrion
Q9CQH3	Mitochondrion	Mitochondrion
Q9CQL4	Mitochondrion	Mitochondrion
Q9CQL6	Mitochondrion	Mitochondrion
Q9CQN1	Mitochondrion
Q9CQN7	Mitochondrion	Mitochondrion
Q9CQP0	Mitochondrion	Mitochondrion
Q9CQQ7	Mitochondrion	Mitochondrion
Q9CQR6	Cytosol	Cytosol
Q9CQU0	ER	ERGIC
Q9CQV1	Mitochondrion	Mitochondrion
Q9CQV7	Mitochondrion	Mitochondrion
Q9CQZ5	Mitochondrion	Mitochondrion
Q9CR20	ER	ERGIC
Q9CR47	Nucleus - Non-Chromatin	Nucleus - Non-Chromatin
Q9CR57	60S Ribosome	60S Ribosome
Q9CR62	Mitochondrion	Mitochondrion
Q9CR68	Mitochondrion	Mitochondrion
Q9CR98	Mitochondrion	Mitochondrion
Q9CRB2	Nucleus - Non-Chromatin	Nucleus - Non-Chromatin
Q9CRB9	Mitochondrion	Mitochondrion
Q9CU62	Nucleus - Chromatin
Q9CWE0	Mitochondrion	Mitochondrion
Q9CWG8	Mitochondrion	Mitochondrion
Q9CWH0	Nucleus - Chromatin	Nucleus - Chromatin
Q9CWR7	Endosome	Endosome
Q9CWX2	Mitochondrion	Mitochondrion
Q9CWX9	Nucleus - Non-Chromatin	Nucleus - Non-Chromatin
Q9CX56	Proteasome	Proteasome
Q9CXC3	Mitochondrion	Mitochondrion
Q9CXF7	Nucleus - Chromatin	Nucleus - Chromatin
Q9CXI0	Mitochondrion	Mitochondrion
Q9CXJ1	Mitochondrion	Mitochondrion
Q9CXK8	Nucleus - Non-Chromatin	Nucleus - Non-Chromatin
Q9CXT8	Mitochondrion	Mitochondrion
Q9CXW2	Mitochondrion	Mitochondrion
Q9CXW4	60S Ribosome	60S Ribosome
Q9CXZ1	Mitochondrion	Mitochondrion
Q9CY16	Mitochondrion	Mitochondrion
Q9CY27	ER	ERGIC
Q9CY66-3	Nucleus - Non-Chromatin	Nucleus - Non-Chromatin
Q9CY73	Mitochondrion	Mitochondrion
Q9CYF5	Mitochondrion	Mitochondrion
Q9CYH6	Nucleus - Non-Chromatin	Nucleus - Non-Chromatin
Q9CYL5	Golgi
Q9CZ13	Mitochondrion	Mitochondrion
Q9CZ42-3	Mitochondrion	Mitochondrion
Q9CZ57	Mitochondrion	Mitochondrion
Q9CZB0	Mitochondrion	Mitochondrion
Q9CZJ1	Nucleus - Non-Chromatin	Nucleus - Non-Chromatin
Q9CZM2	60S Ribosome	60S Ribosome
Q9CZN8	Mitochondrion	Mitochondrion
Q9CZR8	Mitochondrion	Mitochondrion
Q9CZS1	Mitochondrion	Mitochondrion
Q9CZU3	Nucleus - Non-Chromatin
Q9CZU4	Mitochondrion	Mitochondrion
Q9CZU6	Mitochondrion	Mitochondrion
Q9CZW5	Mitochondrion
Q9CZX8	40S Ribosome	40S Ribosome
Q9D051	Mitochondrion	Mitochondrion
Q9D0D3	Mitochondrion	Mitochondrion
Q9D0F3		ERGIC
Q9D0G0	Mitochondrion	Mitochondrion
Q9D0K2	Mitochondrion	Mitochondrion
Q9D0M3-2	Mitochondrion	Mitochondrion
Q9D0Q7	Mitochondrion	Mitochondrion
Q9D0R4	Nucleus - Non-Chromatin	Nucleus - Non-Chromatin
Q9D0S9	Mitochondrion	Mitochondrion
Q9D0T1	Nucleus - Non-Chromatin	Nucleus - Non-Chromatin
Q9D125	Mitochondrion	Mitochondrion
Q9D172	Mitochondrion	Mitochondrion
Q9D1A2	Cytosol	Cytosol
Q9D1B9	Mitochondrion	Mitochondrion
Q9D1H6	Mitochondrion	Mitochondrion
Q9D1H8	Mitochondrion	Mitochondrion
Q9D1I6	Mitochondrion	Mitochondrion
Q9D1L0	Mitochondrion	Mitochondrion
Q9D1N9	Mitochondrion	Mitochondrion
Q9D1P0	Mitochondrion	Mitochondrion
Q9D1Q6	ER	ERGIC
Q9D1R9	60S Ribosome	60S Ribosome
Q9D287	Nucleus - Non-Chromatin	Nucleus - Non-Chromatin
Q9D2G2	Mitochondrion	Mitochondrion
Q9D2R6	Mitochondrion	Mitochondrion
Q9D338	Mitochondrion	Mitochondrion
Q9D3D9	Mitochondrion	Mitochondrion
Q9D3E6	Nucleus - Chromatin	Nucleus - Chromatin
Q9D6J6	Mitochondrion	Mitochondrion
Q9D6M3	Mitochondrion	Mitochondrion
Q9D6R2	Mitochondrion
Q9D6S7	Mitochondrion	Mitochondrion
Q9D6Z1	Nucleus - Non-Chromatin
Q9D773	Mitochondrion	Mitochondrion
Q9D7B6	Mitochondrion	Mitochondrion
Q9D7N3	Mitochondrion	Mitochondrion
Q9D7P6	Mitochondrion	Mitochondrion
Q9D7Z3	Nucleus - Non-Chromatin	Nucleus - Non-Chromatin
Q9D823	60S Ribosome	60S Ribosome
Q9D826	Peroxisome	Peroxisome
Q9D855	Mitochondrion	Mitochondrion
Q9D880	Mitochondrion	Mitochondrion
Q9D8B4	Mitochondrion	Mitochondrion
Q9D8E6	60S Ribosome
Q9D8T7	Mitochondrion	Mitochondrion
Q9D8W5	Proteasome	Proteasome
Q9D903	Nucleus - Non-Chromatin	Nucleus - Non-Chromatin
Q9D924	Mitochondrion	Mitochondrion
Q9DAT5	Mitochondrion	Mitochondrion
Q9DAU1	ER	ERGIC
Q9DB15	Mitochondrion	Mitochondrion
Q9DB20	Mitochondrion	Mitochondrion
Q9DB73	Mitochondrion	Mitochondrion
Q9DB77	Mitochondrion	Mitochondrion
Q9DB85	Nucleus - Non-Chromatin	Nucleus - Non-Chromatin
Q9DBE9	Nucleus - Non-Chromatin
Q9DBG6	ER
Q9DBG7	ER
Q9DBL1	Mitochondrion	Mitochondrion
Q9DBN5	Peroxisome	Peroxisome
Q9DBR1	Nucleus - Non-Chromatin	Nucleus - Non-Chromatin
Q9DBY1	ER	ERGIC
Q9DC16		ERGIC
Q9DC23	ER
Q9DC61	Mitochondrion	Mitochondrion
Q9DC69	Mitochondrion	Mitochondrion
Q9DC70	Mitochondrion	Mitochondrion
Q9DC71	Mitochondrion	Mitochondrion
Q9DCA2	Mitochondrion	Mitochondrion
Q9DCA5	Nucleus - Non-Chromatin	Nucleus - Non-Chromatin
Q9DCB8	Mitochondrion	Mitochondrion
Q9DCC8	Mitochondrion	Mitochondrion
Q9DCD0	Cytosol
Q9DCI3	Endosome	Endosome
Q9DCJ9	Cytosol	Cytosol
Q9DCM0	Mitochondrion	Mitochondrion
Q9DCS3	Mitochondrion	Mitochondrion
Q9DCS9	Mitochondrion	Mitochondrion
Q9DCT2	Mitochondrion	Mitochondrion
Q9DCU6	Mitochondrion	Mitochondrion
Q9DCW4	Mitochondrion	Mitochondrion
Q9DCX2	Mitochondrion	Mitochondrion
Q9EP89	Mitochondrion	Mitochondrion
Q9EPK6	ER	ERGIC
Q9EQ20	Mitochondrion	Mitochondrion
Q9EQH2	ER	ERGIC
Q9EQI8	Mitochondrion	Mitochondrion
Q9ER64	ER
Q9ER74	Nucleus - Chromatin	Nucleus - Chromatin
Q9ER88	Mitochondrion	Mitochondrion
Q9ERR7	ER
Q9ESP1	ER	ERGIC
Q9ESW4	Mitochondrion	Mitochondrion
Q9ESX5	Nucleus - Non-Chromatin	Nucleus - Non-Chromatin
Q9ET22	Lysosome	Lysosome
Q9JHI5	Mitochondrion	Mitochondrion
Q9JHS4	Mitochondrion
Q9JHU102		PM
Q9JHU103		Mitochondrion
Q9JHU110		Mitochondrion
Q9JHU111		ERGIC
Q9JHU114		Nucleus - Chromatin
Q9JHU118		Cytosol
Q9JHU119		Nucleus - Chromatin
Q9JHU121		ERGIC
Q9JHU122		60S Ribosome
Q9JHU124		PM
Q9JHU13		ERGIC
Q9JHU131		Nucleus - Non-Chromatin
Q9JHU134		PM
Q9JHU137		PM
Q9JHU140		Nucleus - Chromatin
Q9JHU142		ERGIC
Q9JHU144		PM
Q9JHU148		ERGIC
Q9JHU15		Mitochondrion
Q9JHU150		Mitochondrion
Q9JHU155		PM
Q9JHU158		Mitochondrion
Q9JHU17		ECM
Q9JHU170		ECM
Q9JHU174		PM
Q9JHU176		Cytosol
Q9JHU177		Mitochondrion
Q9JHU18		Nucleus - Chromatin
Q9JHU180		Mitochondrion
Q9JHU184		Mitochondrion
Q9JHU188		PM
Q9JHU19		ECM
Q9JHU195		Nucleus - Chromatin
Q9JHU198		Nucleus - Non-Chromatin
Q9JHU203		Mitochondrion
Q9JHU205		Mitochondrion
Q9JHU21		Cytosol
Q9JHU211		Mitochondrion
Q9JHU217		Nucleus - Non-Chromatin
Q9JHU218		ECM
Q9JHU219		Endosome
Q9JHU223		Nucleus - Chromatin
Q9JHU224		ECM
Q9JHU226		Mitochondrion
Q9JHU227		Mitochondrion
Q9JHU228		ERGIC
Q9JHU229		PM
Q9JHU23		PM
Q9JHU230		Mitochondrion
Q9JHU231		Actin Cytoskeleton
Q9JHU232		Nucleus - Non-Chromatin
Q9JHU234		PM
Q9JHU236		Mitochondrion
Q9JHU244		ERGIC
Q9JHU25		PM
Q9JHU253		Actin Cytoskeleton
Q9JHU254		Nucleus - Chromatin
Q9JHU256		Cytosol
Q9JHU257		60S Ribosome
Q9JHU260		Mitochondrion
Q9JHU262		Lysosome
Q9JHU263		ERGIC
Q9JHU264		Endosome
Q9JHU265		Mitochondrion
Q9JHU268		Nucleus - Chromatin
Q9JHU269		Mitochondrion
Q9JHU270		60S Ribosome
Q9JHU271		Mitochondrion
Q9JHU272		Mitochondrion
Q9JHU273		60S Ribosome
Q9JHU274		Mitochondrion
Q9JHU28		Nucleus - Non-Chromatin
Q9JHU282		ERGIC
Q9JHU283		Nucleus - Chromatin
Q9JHU286		Nucleus - Chromatin
Q9JHU287		Mitochondrion
Q9JHU288		ERGIC
Q9JHU292		Endosome
Q9JHU296		PM
Q9JHU298		Nucleus - Non-Chromatin
Q9JHU299		Nucleus - Chromatin
Q9JHU303		Nucleus - Chromatin
Q9JHU304		Mitochondrion
Q9JHU305		ERGIC
Q9JHU307		Cytosol
Q9JHU309		ERGIC
Q9JHU310		Lysosome
Q9JHU312		Cytosol
Q9JHU313		Cytosol
Q9JHU314		60S Ribosome
Q9JHU315		Mitochondrion
Q9JHU318		Nucleus - Non-Chromatin
Q9JHU319		Mitochondrion
Q9JHU32		Nucleus - Chromatin
Q9JHU320		Peroxisome
Q9JHU322		PM
Q9JHU325		PM
Q9JHU329		ERGIC
Q9JHU33		ERGIC
Q9JHU333		Mitochondrion
Q9JHU336		Nucleus - Chromatin
Q9JHU342		ERGIC
Q9JHU343		Cytosol
Q9JHU345		Mitochondrion
Q9JHU347		40S Ribosome
Q9JHU350		ERGIC
Q9JHU353		PM
Q9JHU354		Mitochondrion
Q9JHU356		Nucleus - Non-Chromatin
Q9JHU357		Mitochondrion
Q9JHU359		Mitochondrion
Q9JHU361		PM
Q9JHU362		Proteasome
Q9JHU363		Cytosol
Q9JHU364		Nucleus - Non-Chromatin
Q9JHU37		Nucleus - Non-Chromatin
Q9JHU373		PM
Q9JHU374		Lysosome
Q9JHU379		Mitochondrion
Q9JHU381		Endosome
Q9JHU385		Mitochondrion
Q9JHU387		Cytosol
Q9JHU401		Actin Cytoskeleton
Q9JHU403		Cytosol
Q9JHU407		Mitochondrion
Q9JHU408		Mitochondrion
Q9JHU409		Mitochondrion
Q9JHU410		Mitochondrion
Q9JHU411		Proteasome
Q9JHU416		Mitochondrion
Q9JHU421		Mitochondrion
Q9JHU423		Nucleus - Non-Chromatin
Q9JHU427		Nucleus - Non-Chromatin
Q9JHU428		ERGIC
Q9JHU429		Cytosol
Q9JHU431		Endosome
Q9JHU434		Proteasome
Q9JHU436		ERGIC
Q9JHU440		Nucleus - Chromatin
Q9JHU448		Nucleus - Chromatin
Q9JHU454		Lysosome
Q9JHU459		Mitochondrion
Q9JHU461		Actin Cytoskeleton
Q9JHU462		Mitochondrion
Q9JHU466		Lysosome
Q9JHU47		PM
Q9JHU470		Nucleus - Non-Chromatin
Q9JHU473		ERGIC
Q9JHU478		Mitochondrion
Q9JHU486		Proteasome
Q9JHU489		Nucleus - Non-Chromatin
Q9JHU49		Nucleus - Chromatin
Q9JHU490		Mitochondrion
Q9JHU50		Mitochondrion
Q9JHU501		Peroxisome
Q9JHU505		ERGIC
Q9JHU507		Mitochondrion
Q9JHU509		Nucleus - Chromatin
Q9JHU51		ECM
Q9JHU513		Mitochondrion
Q9JHU516		PM
Q9JHU517		ERGIC
Q9JHU519		Mitochondrion
Q9JHU52		Nucleus - Non-Chromatin
Q9JHU521		Nucleus - Non-Chromatin
Q9JHU522		ERGIC
Q9JHU524		Mitochondrion
Q9JHU527		Nucleus - Chromatin
Q9JHU530		Nucleus - Chromatin
Q9JHU531		PM
Q9JHU532		40S Ribosome
Q9JHU534		Cytosol
Q9JHU536		ERGIC
Q9JHU537		Mitochondrion
Q9JHU539		Mitochondrion
Q9JHU541		ERGIC
Q9JHU545		Mitochondrion
Q9JHU553		40S Ribosome
Q9JHU559		ERGIC
Q9JHU560		PM
Q9JHU563		Proteasome
Q9JHU572		Mitochondrion
Q9JHU575		Nucleus - Non-Chromatin
Q9JHU576		ERGIC
Q9JHU577		Mitochondrion
Q9JHU58		ERGIC
Q9JHU581		Mitochondrion
Q9JHU582		60S Ribosome
Q9JHU587		40S Ribosome
Q9JHU589		Cytosol
Q9JHU594		ERGIC
Q9JHU596		Nucleus - Non-Chromatin
Q9JHU597		Mitochondrion
Q9JHU599		PM
Q9JHU603		Mitochondrion
Q9JHU604		Proteasome
Q9JHU605		60S Ribosome
Q9JHU607		Mitochondrion
Q9JHU61		PM
Q9JHU610		Mitochondrion
Q9JHU612		Nucleus - Non-Chromatin
Q9JHU64		Mitochondrion
Q9JHU65		ERGIC
Q9JHU66		Cytosol
Q9JHU7		Actin Cytoskeleton
Q9JHU77		ERGIC
Q9JHU83		ERGIC
Q9JHU85		Actin Cytoskeleton
Q9JHU86		ERGIC
Q9JHU88		ERGIC
Q9JHU92		PM
Q9JHU93		Mitochondrion
Q9JHU94		PM
Q9JHU97		Mitochondrion
Q9JHU98		ERGIC
Q9JHU99		PM
Q9JIK5	Nucleus - Non-Chromatin
Q9JIQ3	Mitochondrion	Mitochondrion
Q9JJ80	Nucleus - Non-Chromatin	Nucleus - Non-Chromatin
Q9JJG9	Mitochondrion	Mitochondrion
Q9JJI8	60S Ribosome	60S Ribosome
Q9JJL8	Mitochondrion	Mitochondrion
Q9JJT0	Nucleus - Non-Chromatin	Nucleus - Non-Chromatin
Q9JK30	Nucleus - Chromatin	Nucleus - Chromatin
Q9JKA5	PM	PM
Q9JKB1	Cytosol	Cytosol
Q9JKF1	PM
Q9JKF7	Mitochondrion	Mitochondrion
Q9JKR6	ER
Q9JKV1	Proteasome	Proteasome
Q9JKX4	Nucleus - Non-Chromatin	Nucleus - Non-Chromatin
Q9JLF6	PM	PM
Q9JLZ3	Mitochondrion	Mitochondrion
Q9QUM9	Proteasome	Proteasome
Q9QWF0	Nucleus - Chromatin	Nucleus - Chromatin
Q9QWR8	Lysosome	Lysosome
Q9QXT0	ER	ERGIC
Q9QXX4	Mitochondrion
Q9QYA2	Mitochondrion	Mitochondrion
Q9QYE6	Golgi
Q9QYF1	ER	ERGIC
Q9QYL7	Nucleus - Non-Chromatin	Nucleus - Non-Chromatin
Q9QZ23	Mitochondrion	Mitochondrion
Q9QZQ1-2	PM
Q9QZQ8	Nucleus - Chromatin	Nucleus - Chromatin
Q9R013	Lysosome	Lysosome
Q9R069	PM
Q9R0B9	ER	ERGIC
Q9R0E1	ER	ERGIC
Q9R0E2	ER
Q9R0K7	PM	PM
Q9R0N0	Cytosol	Cytosol
Q9R0X4	Mitochondrion
Q9R1P0	Proteasome	Proteasome
Q9R1P1	Proteasome	Proteasome
Q9R1P3	Proteasome	Proteasome
Q9R1P4	Proteasome	Proteasome
Q9WTK3	ER	ERGIC
Q9WTQ8	Mitochondrion	Mitochondrion
Q9WU79	Mitochondrion	Mitochondrion
Q9WUM3	Actin Cytoskeleton	Actin Cytoskeleton
Q9WUM5	Mitochondrion	Mitochondrion
Q9WUR9	Mitochondrion	Mitochondrion
Q9WUU7	Lysosome	Lysosome
Q9WUV0	Nucleus - Chromatin	Nucleus - Chromatin
Q9WV54	Lysosome
Q9WV68	Peroxisome	Peroxisome
Q9WV70	Nucleus - Non-Chromatin	Nucleus - Non-Chromatin
Q9WV98	Mitochondrion	Mitochondrion
Q9WVA2	Mitochondrion	Mitochondrion
Q9WVD5	Mitochondrion	Mitochondrion
Q9WVJ2	Proteasome
Q9Z0J0	Lysosome	Lysosome
Q9Z0V7	Mitochondrion	Mitochondrion
Q9Z0V8	Mitochondrion	Mitochondrion
Q9Z0X1	Mitochondrion
Q9Z1N2	Nucleus - Chromatin
Q9Z1P6	Mitochondrion	Mitochondrion
Q9Z1X4	Nucleus - Non-Chromatin	Nucleus - Non-Chromatin
Q9Z210	Peroxisome	Peroxisome
Q9Z222	Golgi
Q9Z247	ER
Q9Z277	Nucleus - Chromatin
Q9Z2I0	Mitochondrion	Mitochondrion
Q9Z2I8	Mitochondrion
Q9Z2I9	Mitochondrion
Q9Z2L6	ER	ERGIC
Q9Z2Q2	Nucleus - Non-Chromatin	Nucleus - Non-Chromatin
Q9Z2Q5	Mitochondrion	Mitochondrion
Q9Z2U0	Proteasome	Proteasome
Q9Z2U1	Proteasome	Proteasome
Q9Z2Z6	Mitochondrion	Mitochondrion
